timeStamp,elapsed,label,responseCode,responseMessage,threadName,dataType,success,failureMessage,bytes,sentBytes,grpThreads,allThreads,URL,Latency,IdleTime,Connect
1685050847091,55,MainPage,200,OK,Application 1-3,text,true,,891,122,3,3,http://194.47.178.234:8081/,54,0,27
1685050847036,110,MainPage,200,OK,Application 1-1,text,true,,891,122,3,3,http://194.47.178.234:8081/,101,0,63
1685050847036,110,MainPage,200,OK,Application 1-2,text,true,,891,122,3,3,http://194.47.178.234:8081/,101,0,63
1685050847149,28,SignIn,200,OK,Application 1-3,text,true,,891,130,3,3,http://194.47.178.234:8081/sign-in/,28,0,0
1685050847149,28,SignIn,200,OK,Application 1-1,text,true,,891,130,3,3,http://194.47.178.234:8081/sign-in/,28,0,0
1685050847151,29,SignIn,200,OK,Application 1-2,text,true,,891,130,3,3,http://194.47.178.234:8081/sign-in/,29,0,0
1685050847178,29,MainPage,200,OK,Application 1-3,text,true,,891,122,4,4,http://194.47.178.234:8081/,29,0,0
1685050847178,29,MainPage,200,OK,Application 1-1,text,true,,891,122,4,4,http://194.47.178.234:8081/,29,0,0
1685050847181,29,MainPage,200,OK,Application 1-2,text,true,,891,122,4,4,http://194.47.178.234:8081/,29,0,0
1685050847207,27,SignIn,200,OK,Application 1-3,text,true,,891,130,4,4,http://194.47.178.234:8081/sign-in/,27,0,0
1685050847207,27,SignIn,200,OK,Application 1-1,text,true,,891,130,4,4,http://194.47.178.234:8081/sign-in/,27,0,0
1685050847210,28,SignIn,200,OK,Application 1-2,text,true,,891,130,4,4,http://194.47.178.234:8081/sign-in/,28,0,0
1685050847191,55,MainPage,200,OK,Application 1-4,text,true,,891,122,4,4,http://194.47.178.234:8081/,55,0,27
1685050847235,27,MainPage,200,OK,Application 1-1,text,true,,891,122,4,4,http://194.47.178.234:8081/,26,0,0
1685050847235,27,MainPage,200,OK,Application 1-3,text,true,,891,122,4,4,http://194.47.178.234:8081/,26,0,0
1685050847238,26,MainPage,200,OK,Application 1-2,text,true,,891,122,4,4,http://194.47.178.234:8081/,26,0,0
1685050847247,26,SignIn,200,OK,Application 1-4,text,true,,891,130,4,4,http://194.47.178.234:8081/sign-in/,26,0,0
1685050847262,27,SignIn,200,OK,Application 1-3,text,true,,891,130,4,4,http://194.47.178.234:8081/sign-in/,26,0,0
1685050847262,27,SignIn,200,OK,Application 1-1,text,true,,891,130,4,4,http://194.47.178.234:8081/sign-in/,26,0,0
1685050847265,27,SignIn,200,OK,Application 1-2,text,true,,891,130,5,5,http://194.47.178.234:8081/sign-in/,26,0,0
1685050847274,25,MainPage,200,OK,Application 1-4,text,true,,891,122,5,5,http://194.47.178.234:8081/,25,0,0
1685050847289,27,MainPage,200,OK,Application 1-3,text,true,,891,122,5,5,http://194.47.178.234:8081/,27,0,0
1685050847289,27,MainPage,200,OK,Application 1-1,text,true,,891,122,5,5,http://194.47.178.234:8081/,27,0,0
1685050847292,26,MainPage,200,OK,Application 1-2,text,true,,891,122,5,5,http://194.47.178.234:8081/,26,0,0
1685050847299,26,SignIn,200,OK,Application 1-4,text,true,,891,130,5,5,http://194.47.178.234:8081/sign-in/,26,0,0
1685050847317,28,SignIn,200,OK,Application 1-3,text,true,,891,130,5,5,http://194.47.178.234:8081/sign-in/,28,0,0
1685050847317,28,SignIn,200,OK,Application 1-1,text,true,,891,130,5,5,http://194.47.178.234:8081/sign-in/,28,0,0
1685050847291,55,MainPage,200,OK,Application 1-5,text,true,,891,122,5,5,http://194.47.178.234:8081/,55,0,27
1685050847319,27,SignIn,200,OK,Application 1-2,text,true,,891,130,5,5,http://194.47.178.234:8081/sign-in/,27,0,0
1685050847325,27,MainPage,200,OK,Application 1-4,text,true,,891,122,5,5,http://194.47.178.234:8081/,26,0,0
1685050847345,27,MainPage,200,OK,Application 1-1,text,true,,891,122,5,5,http://194.47.178.234:8081/,27,0,0
1685050847345,27,MainPage,200,OK,Application 1-3,text,true,,891,122,5,5,http://194.47.178.234:8081/,27,0,0
1685050847347,27,SignIn,200,OK,Application 1-5,text,true,,891,130,5,5,http://194.47.178.234:8081/sign-in/,27,0,0
1685050847347,27,MainPage,200,OK,Application 1-2,text,true,,891,122,5,5,http://194.47.178.234:8081/,27,0,0
1685050847352,30,SignIn,200,OK,Application 1-4,text,true,,891,130,5,5,http://194.47.178.234:8081/sign-in/,30,0,0
1685050847373,26,SignIn,200,OK,Application 1-1,text,true,,891,130,6,6,http://194.47.178.234:8081/sign-in/,26,0,0
1685050847373,26,SignIn,200,OK,Application 1-3,text,true,,891,130,6,6,http://194.47.178.234:8081/sign-in/,26,0,0
1685050847374,26,MainPage,200,OK,Application 1-5,text,true,,891,122,6,6,http://194.47.178.234:8081/,26,0,0
1685050847374,26,SignIn,200,OK,Application 1-2,text,true,,891,130,6,6,http://194.47.178.234:8081/sign-in/,26,0,0
1685050847383,26,MainPage,200,OK,Application 1-4,text,true,,891,122,6,6,http://194.47.178.234:8081/,26,0,0
1685050847399,27,MainPage,200,OK,Application 1-3,text,true,,891,122,6,6,http://194.47.178.234:8081/,26,0,0
1685050847400,26,SignIn,200,OK,Application 1-5,text,true,,891,130,6,6,http://194.47.178.234:8081/sign-in/,26,0,0
1685050847400,26,MainPage,200,OK,Application 1-2,text,true,,891,122,6,6,http://194.47.178.234:8081/,26,0,0
1685050847399,28,MainPage,200,OK,Application 1-1,text,true,,891,122,6,6,http://194.47.178.234:8081/,28,0,0
1685050847410,25,SignIn,200,OK,Application 1-4,text,true,,891,130,6,6,http://194.47.178.234:8081/sign-in/,25,0,0
1685050847391,53,MainPage,200,OK,Application 1-6,text,true,,891,122,6,6,http://194.47.178.234:8081/,52,0,27
1685050847426,26,SignIn,200,OK,Application 1-3,text,true,,891,130,6,6,http://194.47.178.234:8081/sign-in/,26,0,0
1685050847426,26,MainPage,200,OK,Application 1-5,text,true,,891,122,6,6,http://194.47.178.234:8081/,26,0,0
1685050847427,26,SignIn,200,OK,Application 1-1,text,true,,891,130,6,6,http://194.47.178.234:8081/sign-in/,26,0,0
1685050847427,26,SignIn,200,OK,Application 1-2,text,true,,891,130,6,6,http://194.47.178.234:8081/sign-in/,26,0,0
1685050847436,26,MainPage,200,OK,Application 1-4,text,true,,891,122,6,6,http://194.47.178.234:8081/,26,0,0
1685050847445,26,SignIn,200,OK,Application 1-6,text,true,,891,130,6,6,http://194.47.178.234:8081/sign-in/,26,0,0
1685050847453,27,MainPage,200,OK,Application 1-1,text,true,,891,122,6,6,http://194.47.178.234:8081/,26,0,0
1685050847452,28,MainPage,200,OK,Application 1-3,text,true,,891,122,6,6,http://194.47.178.234:8081/,27,0,0
1685050847453,27,MainPage,200,OK,Application 1-2,text,true,,891,122,6,6,http://194.47.178.234:8081/,27,0,0
1685050847452,28,SignIn,200,OK,Application 1-5,text,true,,891,130,6,6,http://194.47.178.234:8081/sign-in/,27,0,0
1685050847463,27,SignIn,200,OK,Application 1-4,text,true,,891,130,7,7,http://194.47.178.234:8081/sign-in/,27,0,0
1685050847471,25,MainPage,200,OK,Application 1-6,text,true,,891,122,7,7,http://194.47.178.234:8081/,25,0,0
1685050847480,27,SignIn,200,OK,Application 1-2,text,true,,891,130,7,7,http://194.47.178.234:8081/sign-in/,27,0,0
1685050847480,27,SignIn,200,OK,Application 1-3,text,true,,891,130,7,7,http://194.47.178.234:8081/sign-in/,27,0,0
1685050847480,27,SignIn,200,OK,Application 1-1,text,true,,891,130,7,7,http://194.47.178.234:8081/sign-in/,27,0,0
1685050847481,26,MainPage,200,OK,Application 1-5,text,true,,891,122,7,7,http://194.47.178.234:8081/,26,0,0
1685050847490,26,MainPage,200,OK,Application 1-4,text,true,,891,122,7,7,http://194.47.178.234:8081/,25,0,0
1685050847497,26,SignIn,200,OK,Application 1-6,text,true,,891,130,7,7,http://194.47.178.234:8081/sign-in/,26,0,0
1685050847508,27,MainPage,200,OK,Application 1-2,text,true,,891,122,7,7,http://194.47.178.234:8081/,27,0,0
1685050847508,27,MainPage,200,OK,Application 1-3,text,true,,891,122,7,7,http://194.47.178.234:8081/,27,0,0
1685050847508,27,SignIn,200,OK,Application 1-5,text,true,,891,130,7,7,http://194.47.178.234:8081/sign-in/,27,0,0
1685050847508,28,MainPage,200,OK,Application 1-1,text,true,,891,122,7,7,http://194.47.178.234:8081/,28,0,0
1685050847489,52,MainPage,200,OK,Application 1-7,text,true,,891,122,7,7,http://194.47.178.234:8081/,52,0,26
1685050847516,26,SignIn,200,OK,Application 1-4,text,true,,891,130,7,7,http://194.47.178.234:8081/sign-in/,26,0,0
1685050847524,27,MainPage,200,OK,Application 1-6,text,true,,891,122,7,7,http://194.47.178.234:8081/,27,0,0
1685050847536,27,MainPage,200,OK,Application 1-5,text,true,,891,122,7,7,http://194.47.178.234:8081/,27,0,0
1685050847536,27,SignIn,200,OK,Application 1-2,text,true,,891,130,7,7,http://194.47.178.234:8081/sign-in/,27,0,0
1685050847537,29,SignIn,200,OK,Application 1-1,text,true,,891,130,7,7,http://194.47.178.234:8081/sign-in/,29,0,0
1685050847536,31,SignIn,200,OK,Application 1-3,text,true,,891,130,7,7,http://194.47.178.234:8081/sign-in/,31,0,0
1685050847541,27,SignIn,200,OK,Application 1-7,text,true,,891,130,7,7,http://194.47.178.234:8081/sign-in/,26,0,0
1685050847543,26,MainPage,200,OK,Application 1-4,text,true,,891,122,7,7,http://194.47.178.234:8081/,25,0,0
1685050847551,27,SignIn,200,OK,Application 1-6,text,true,,891,130,7,7,http://194.47.178.234:8081/sign-in/,27,0,0
1685050847565,27,MainPage,200,OK,Application 1-2,text,true,,891,122,7,7,http://194.47.178.234:8081/,27,0,0
1685050847564,28,SignIn,200,OK,Application 1-5,text,true,,891,130,7,7,http://194.47.178.234:8081/sign-in/,28,0,0
1685050847567,28,MainPage,200,OK,Application 1-1,text,true,,891,122,8,8,http://194.47.178.234:8081/,27,0,0
1685050847567,28,MainPage,200,OK,Application 1-3,text,true,,891,122,8,8,http://194.47.178.234:8081/,28,0,0
1685050847568,27,MainPage,200,OK,Application 1-7,text,true,,891,122,8,8,http://194.47.178.234:8081/,27,0,0
1685050847569,27,SignIn,200,OK,Application 1-4,text,true,,891,130,8,8,http://194.47.178.234:8081/sign-in/,27,0,0
1685050847578,26,MainPage,200,OK,Application 1-6,text,true,,891,122,8,8,http://194.47.178.234:8081/,26,0,0
1685050847593,28,MainPage,200,OK,Application 1-5,text,true,,891,122,8,8,http://194.47.178.234:8081/,28,0,0
1685050847593,28,SignIn,200,OK,Application 1-2,text,true,,891,130,8,8,http://194.47.178.234:8081/sign-in/,28,0,0
1685050847595,30,SignIn,200,OK,Application 1-3,text,true,,891,130,8,8,http://194.47.178.234:8081/sign-in/,30,0,0
1685050847595,30,SignIn,200,OK,Application 1-1,text,true,,891,130,8,8,http://194.47.178.234:8081/sign-in/,30,0,0
1685050847595,31,SignIn,200,OK,Application 1-7,text,true,,891,130,8,8,http://194.47.178.234:8081/sign-in/,31,0,0
1685050847597,29,MainPage,200,OK,Application 1-4,text,true,,891,122,8,8,http://194.47.178.234:8081/,29,0,0
1685050847604,26,SignIn,200,OK,Application 1-6,text,true,,891,130,8,8,http://194.47.178.234:8081/sign-in/,26,0,0
1685050847621,26,SignIn,200,OK,Application 1-5,text,true,,891,130,8,8,http://194.47.178.234:8081/sign-in/,26,0,0
1685050847621,26,MainPage,200,OK,Application 1-2,text,true,,891,122,8,8,http://194.47.178.234:8081/,26,0,0
1685050847598,51,MainPage,200,OK,Application 1-8,text,true,,891,122,8,8,http://194.47.178.234:8081/,51,0,26
1685050847626,26,MainPage,200,OK,Application 1-7,text,true,,891,122,8,8,http://194.47.178.234:8081/,26,0,0
1685050847626,26,SignIn,200,OK,Application 1-4,text,true,,891,130,8,8,http://194.47.178.234:8081/sign-in/,26,0,0
1685050847626,27,MainPage,200,OK,Application 1-3,text,true,,891,122,8,8,http://194.47.178.234:8081/,27,0,0
1685050847626,28,MainPage,200,OK,Application 1-1,text,true,,891,122,8,8,http://194.47.178.234:8081/,28,0,0
1685050847630,26,MainPage,200,OK,Application 1-6,text,true,,891,122,8,8,http://194.47.178.234:8081/,26,0,0
1685050847647,26,MainPage,200,OK,Application 1-5,text,true,,891,122,8,8,http://194.47.178.234:8081/,26,0,0
1685050847647,26,SignIn,200,OK,Application 1-2,text,true,,891,130,8,8,http://194.47.178.234:8081/sign-in/,26,0,0
1685050847650,25,SignIn,200,OK,Application 1-8,text,true,,891,130,7,7,http://194.47.178.234:8081/sign-in/,25,0,0
1685050847652,28,SignIn,200,OK,Application 1-7,text,true,,891,130,7,7,http://194.47.178.234:8081/sign-in/,28,0,0
1685050847652,28,MainPage,200,OK,Application 1-4,text,true,,891,122,7,7,http://194.47.178.234:8081/,28,0,0
1685050847654,26,SignIn,200,OK,Application 1-1,text,true,,891,130,7,7,http://194.47.178.234:8081/sign-in/,26,0,0
1685050847653,27,SignIn,200,OK,Application 1-3,text,true,,891,130,7,7,http://194.47.178.234:8081/sign-in/,27,0,0
1685050847656,27,SignIn,200,OK,Application 1-6,text,true,,891,130,5,5,http://194.47.178.234:8081/sign-in/,27,0,0
1685050847674,26,SignIn,200,OK,Application 1-5,text,true,,891,130,6,6,http://194.47.178.234:8081/sign-in/,26,0,0
1685050847676,26,MainPage,200,OK,Application 1-8,text,true,,891,122,6,6,http://194.47.178.234:8081/,26,0,0
1685050847681,25,SignIn,200,OK,Application 1-4,text,true,,891,130,6,6,http://194.47.178.234:8081/sign-in/,25,0,0
1685050847681,25,MainPage,200,OK,Application 1-7,text,true,,891,122,6,6,http://194.47.178.234:8081/,25,0,0
1685050847683,26,MainPage,200,OK,Application 1-6,text,true,,891,122,6,6,http://194.47.178.234:8081/,26,0,0
1685050847701,26,MainPage,200,OK,Application 1-5,text,true,,891,122,6,6,http://194.47.178.234:8081/,26,0,0
1685050847702,26,SignIn,200,OK,Application 1-8,text,true,,891,130,6,6,http://194.47.178.234:8081/sign-in/,26,0,0
1685050847707,26,MainPage,200,OK,Application 1-4,text,true,,891,122,6,6,http://194.47.178.234:8081/,26,0,0
1685050847707,26,SignIn,200,OK,Application 1-7,text,true,,891,130,6,6,http://194.47.178.234:8081/sign-in/,26,0,0
1685050847709,25,SignIn,200,OK,Application 1-6,text,true,,891,130,6,6,http://194.47.178.234:8081/sign-in/,25,0,0
1685050847688,50,MainPage,200,OK,Application 1-9,text,true,,891,122,6,6,http://194.47.178.234:8081/,50,0,25
1685050847728,26,MainPage,200,OK,Application 1-8,text,true,,891,122,6,6,http://194.47.178.234:8081/,26,0,0
1685050847727,27,SignIn,200,OK,Application 1-5,text,true,,891,130,6,6,http://194.47.178.234:8081/sign-in/,27,0,0
1685050847733,26,MainPage,200,OK,Application 1-7,text,true,,891,122,6,6,http://194.47.178.234:8081/,26,0,0
1685050847733,26,SignIn,200,OK,Application 1-4,text,true,,891,130,6,6,http://194.47.178.234:8081/sign-in/,26,0,0
1685050847735,25,MainPage,200,OK,Application 1-6,text,true,,891,122,5,5,http://194.47.178.234:8081/,25,0,0
1685050847738,26,SignIn,200,OK,Application 1-9,text,true,,891,130,5,5,http://194.47.178.234:8081/sign-in/,26,0,0
1685050847754,26,SignIn,200,OK,Application 1-8,text,true,,891,130,5,5,http://194.47.178.234:8081/sign-in/,26,0,0
1685050847754,26,MainPage,200,OK,Application 1-5,text,true,,891,122,5,5,http://194.47.178.234:8081/,26,0,0
1685050847759,25,SignIn,200,OK,Application 1-7,text,true,,891,130,5,5,http://194.47.178.234:8081/sign-in/,25,0,0
1685050847760,26,SignIn,200,OK,Application 1-6,text,true,,891,130,5,5,http://194.47.178.234:8081/sign-in/,26,0,0
1685050847765,25,MainPage,200,OK,Application 1-9,text,true,,891,122,6,6,http://194.47.178.234:8081/,25,0,0
1685050847780,26,SignIn,200,OK,Application 1-5,text,true,,891,130,6,6,http://194.47.178.234:8081/sign-in/,26,0,0
1685050847780,26,MainPage,200,OK,Application 1-8,text,true,,891,122,6,6,http://194.47.178.234:8081/,26,0,0
1685050847785,26,MainPage,200,OK,Application 1-7,text,true,,891,122,6,6,http://194.47.178.234:8081/,26,0,0
1685050847786,28,MainPage,200,OK,Application 1-6,text,true,,891,122,6,6,http://194.47.178.234:8081/,28,0,0
1685050847791,26,SignIn,200,OK,Application 1-9,text,true,,891,130,6,6,http://194.47.178.234:8081/sign-in/,26,0,0
1685050847807,28,SignIn,200,OK,Application 1-8,text,true,,891,130,6,6,http://194.47.178.234:8081/sign-in/,28,0,0
1685050847807,28,MainPage,200,OK,Application 1-5,text,true,,891,122,6,6,http://194.47.178.234:8081/,28,0,0
1685050847811,28,SignIn,200,OK,Application 1-7,text,true,,891,130,6,6,http://194.47.178.234:8081/sign-in/,28,0,0
1685050847815,26,SignIn,200,OK,Application 1-6,text,true,,891,130,6,6,http://194.47.178.234:8081/sign-in/,26,0,0
1685050847788,53,MainPage,200,OK,Application 1-10,text,true,,891,122,6,6,http://194.47.178.234:8081/,53,0,28
1685050847817,26,MainPage,200,OK,Application 1-9,text,true,,891,122,6,6,http://194.47.178.234:8081/,26,0,0
1685050847836,26,SignIn,200,OK,Application 1-5,text,true,,891,130,6,6,http://194.47.178.234:8081/sign-in/,26,0,0
1685050847836,26,MainPage,200,OK,Application 1-8,text,true,,891,122,6,6,http://194.47.178.234:8081/,26,0,0
1685050847840,30,MainPage,200,OK,Application 1-7,text,true,,891,122,5,5,http://194.47.178.234:8081/,30,0,0
1685050847841,29,SignIn,200,OK,Application 1-10,text,true,,891,130,5,5,http://194.47.178.234:8081/sign-in/,29,0,0
1685050847841,30,MainPage,200,OK,Application 1-6,text,true,,891,122,5,5,http://194.47.178.234:8081/,30,0,0
1685050847844,27,SignIn,200,OK,Application 1-9,text,true,,891,130,5,5,http://194.47.178.234:8081/sign-in/,27,0,0
1685050847863,25,SignIn,200,OK,Application 1-8,text,true,,891,130,5,5,http://194.47.178.234:8081/sign-in/,25,0,0
1685050847870,26,SignIn,200,OK,Application 1-7,text,true,,891,130,5,5,http://194.47.178.234:8081/sign-in/,26,0,0
1685050847870,26,MainPage,200,OK,Application 1-10,text,true,,891,122,5,5,http://194.47.178.234:8081/,26,0,0
1685050847872,24,MainPage,200,OK,Application 1-9,text,true,,891,122,5,5,http://194.47.178.234:8081/,24,0,0
1685050847871,27,SignIn,200,OK,Application 1-6,text,true,,891,130,5,5,http://194.47.178.234:8081/sign-in/,27,0,0
1685050847889,26,MainPage,200,OK,Application 1-8,text,true,,891,122,5,5,http://194.47.178.234:8081/,26,0,0
1685050847897,26,MainPage,200,OK,Application 1-7,text,true,,891,122,5,5,http://194.47.178.234:8081/,26,0,0
1685050847897,27,SignIn,200,OK,Application 1-10,text,true,,891,130,5,5,http://194.47.178.234:8081/sign-in/,26,0,0
1685050847897,28,SignIn,200,OK,Application 1-9,text,true,,891,130,5,5,http://194.47.178.234:8081/sign-in/,28,0,0
1685050847898,27,MainPage,200,OK,Application 1-6,text,true,,891,122,5,5,http://194.47.178.234:8081/,27,0,0
1685050847916,26,SignIn,200,OK,Application 1-8,text,true,,891,130,5,5,http://194.47.178.234:8081/sign-in/,26,0,0
1685050847924,27,SignIn,200,OK,Application 1-7,text,true,,891,130,5,5,http://194.47.178.234:8081/sign-in/,27,0,0
1685050847924,27,MainPage,200,OK,Application 1-10,text,true,,891,122,5,5,http://194.47.178.234:8081/,27,0,0
1685050847925,26,MainPage,200,OK,Application 1-9,text,true,,891,122,5,5,http://194.47.178.234:8081/,26,0,0
1685050847925,31,SignIn,200,OK,Application 1-6,text,true,,891,130,5,5,http://194.47.178.234:8081/sign-in/,31,0,0
1685050847943,26,MainPage,200,OK,Application 1-8,text,true,,891,122,4,4,http://194.47.178.234:8081/,26,0,0
1685050847951,27,MainPage,200,OK,Application 1-7,text,true,,891,122,4,4,http://194.47.178.234:8081/,27,0,0
1685050847951,27,SignIn,200,OK,Application 1-10,text,true,,891,130,4,4,http://194.47.178.234:8081/sign-in/,27,0,0
1685050847951,27,SignIn,200,OK,Application 1-9,text,true,,891,130,4,4,http://194.47.178.234:8081/sign-in/,27,0,0
1685050847970,27,SignIn,200,OK,Application 1-8,text,true,,891,130,4,4,http://194.47.178.234:8081/sign-in/,27,0,0
1685050847979,26,MainPage,200,OK,Application 1-10,text,true,,891,122,4,4,http://194.47.178.234:8081/,26,0,0
1685050847979,26,SignIn,200,OK,Application 1-7,text,true,,891,130,4,4,http://194.47.178.234:8081/sign-in/,26,0,0
1685050847980,25,MainPage,200,OK,Application 1-9,text,true,,891,122,4,4,http://194.47.178.234:8081/,25,0,0
1685050847998,26,MainPage,200,OK,Application 1-8,text,true,,891,122,4,4,http://194.47.178.234:8081/,26,0,0
1685050848005,27,SignIn,200,OK,Application 1-10,text,true,,891,130,4,4,http://194.47.178.234:8081/sign-in/,27,0,0
1685050848005,27,MainPage,200,OK,Application 1-7,text,true,,891,122,4,4,http://194.47.178.234:8081/,27,0,0
1685050848005,27,SignIn,200,OK,Application 1-9,text,true,,891,130,4,4,http://194.47.178.234:8081/sign-in/,27,0,0
1685050848024,26,SignIn,200,OK,Application 1-8,text,true,,891,130,4,4,http://194.47.178.234:8081/sign-in/,26,0,0
1685050848032,26,MainPage,200,OK,Application 1-10,text,true,,891,122,4,4,http://194.47.178.234:8081/,26,0,0
1685050848032,26,SignIn,200,OK,Application 1-7,text,true,,891,130,4,4,http://194.47.178.234:8081/sign-in/,26,0,0
1685050848032,26,MainPage,200,OK,Application 1-9,text,true,,891,122,4,4,http://194.47.178.234:8081/,26,0,0
1685050848050,27,MainPage,200,OK,Application 1-8,text,true,,891,122,3,3,http://194.47.178.234:8081/,26,0,0
1685050848058,25,SignIn,200,OK,Application 1-10,text,true,,891,130,3,3,http://194.47.178.234:8081/sign-in/,25,0,0
1685050848058,25,SignIn,200,OK,Application 1-9,text,true,,891,130,3,3,http://194.47.178.234:8081/sign-in/,25,0,0
1685050848077,26,SignIn,200,OK,Application 1-8,text,true,,891,130,3,3,http://194.47.178.234:8081/sign-in/,26,0,0
1685050848083,26,MainPage,200,OK,Application 1-9,text,true,,891,122,3,3,http://194.47.178.234:8081/,26,0,0
1685050848083,26,MainPage,200,OK,Application 1-10,text,true,,891,122,3,3,http://194.47.178.234:8081/,26,0,0
1685050848103,26,MainPage,200,OK,Application 1-8,text,true,,891,122,3,3,http://194.47.178.234:8081/,26,0,0
1685050848110,26,SignIn,200,OK,Application 1-9,text,true,,891,130,3,3,http://194.47.178.234:8081/sign-in/,26,0,0
1685050848110,26,SignIn,200,OK,Application 1-10,text,true,,891,130,3,3,http://194.47.178.234:8081/sign-in/,26,0,0
1685050848129,26,SignIn,200,OK,Application 1-8,text,true,,891,130,3,3,http://194.47.178.234:8081/sign-in/,26,0,0
1685050848136,26,MainPage,200,OK,Application 1-9,text,true,,891,122,2,2,http://194.47.178.234:8081/,26,0,0
1685050848136,26,MainPage,200,OK,Application 1-10,text,true,,891,122,2,2,http://194.47.178.234:8081/,26,0,0
1685050848162,27,SignIn,200,OK,Application 1-9,text,true,,891,130,2,2,http://194.47.178.234:8081/sign-in/,27,0,0
1685050848162,27,SignIn,200,OK,Application 1-10,text,true,,891,130,2,2,http://194.47.178.234:8081/sign-in/,27,0,0
1685050848189,26,MainPage,200,OK,Application 1-10,text,true,,891,122,2,2,http://194.47.178.234:8081/,26,0,0
1685050848189,26,MainPage,200,OK,Application 1-9,text,true,,891,122,2,2,http://194.47.178.234:8081/,26,0,0
1685050848216,27,SignIn,200,OK,Application 1-10,text,true,,891,130,2,2,http://194.47.178.234:8081/sign-in/,27,0,0
1685050848216,27,SignIn,200,OK,Application 1-9,text,true,,891,130,2,2,http://194.47.178.234:8081/sign-in/,27,0,0
1685050848243,27,MainPage,200,OK,Application 1-10,text,true,,891,122,1,1,http://194.47.178.234:8081/,27,0,0
1685050848270,27,SignIn,200,OK,Application 1-10,text,true,,891,130,1,1,http://194.47.178.234:8081/sign-in/,27,0,0
1685050848298,27,MainPage,200,OK,Application 1-10,text,true,,891,122,1,1,http://194.47.178.234:8081/,27,0,0
1685050848325,27,SignIn,200,OK,Application 1-10,text,true,,891,130,1,1,http://194.47.178.234:8081/sign-in/,27,0,0
